ffkjGdj_gbfcfxoinmoAlp51ka7nAxie,1478004936,1478005694,104.1228,30.71106,104.18364,30.69343
dfjnChjabb6_owwcmpgHof53kh6cCmhb,1478003896,1478005484,104.06576,30.6686,104.062,30.72307
bfnlAfr31e5.hqznejrDgl4e9a6qwyeg,1478002733,1478003369,104.07531,30.6527,104.0721,30.67516
dfjnChjabb6_owwcmpgHof53kh6cCmhb,1478003896,1478005484,104.06576,30.6686,104.062,30.72307
pcchNgr09idbdrriffqIhrafa57mpxcj,1477930817,1477931531,104.05162,30.702192,104.1038,30.6707
hipmBri5bd77lDpblhmMjc086i3kzxbi,1477932275,1477933084,104.105971,30.680153,104.10664,30.62903
ajptGff2bl90dvzncmlFml5aeb6pqqpf,1478007167,1478007791,104.10908,30.67494,104.06906,30.65742
cfhmDnp77gh3fwydgiiJiq_2ff3rztbg,1478008111,1478008922,104.072235,30.660316,104.0604,30.63196
knhkyjp_3fe1gxxmglpBmo8b7f0dvxmn,1477962788,1477964345,104.145271,30.594456,104.07476,30.65967
khpsGog278g6oDykbdrDmi_8ii-duBff,1477965098,1477966668,104.0811,30.660271,104.1438,30.73727
fipnEjf15j32itnmdknIqoa3efactwil,1478003292,1478004047,104.05278,30.6183,104.06083,30.65547
fnkiEnl85igbhxnbfgqAhpb8e7cjrsap,1477994650,1477995994,104.152508,30.63032,104.12397,30.67801
dfklFei_9b8-nvymddrNoib1ha5krnjg,1477998799,1478000209,104.117813,30.67872,104.05743,30.65943
klieEjja8677jxBeligCmra2h69dwzdl,1477999953,1478000859,104.06547,30.66882,104.03366,30.64994
mnflHcqa7bf1kyvodbeEnlb8decnuyai,1477968966,1477970576,104.098252,30.667559,104.04069,30.65141
khpsGog278g6oDykbdrDmi_8ii-duBff,1477965098,1477966668,104.0811,30.660271,104.1438,30.73727
dcliMkl.fk65lypbnhfAhea4hf6gytkq,1477966985,1477970386,104.14573,30.73213,104.04999,30.64545
mnflHcqa7bf1kyvodbeEnlb8decnuyai,1477968966,1477970576,104.098252,30.667559,104.04069,30.65141
ilegIod8f6e5ixxpncpNki4af89rqodi,1477965388,1477966551,104.04532,30.72471,103.971137,30.758578
knjrzdm4e7aadCxebheCpn1eh55cAnjq,1478012997,1478013365,104.03275,30.67157,104.04785,30.67548
efojHlc1blc2fvAjcnqIjo5gj88kosgg,1478005185,1478007860,104.06849,30.71881,103.92629,30.5763
efojHlc1blc2fvAjcnqIjo5gj88kosgg,1478005185,1478007860,104.06849,30.71881,103.92629,30.5763
klkkEfe98da-gutkdksEfpa2d3brtrfj,1477983504,1477984515,104.116798,30.624241,104.08277,30.68669
ihkhyec25f4bqpBlpqiCel74k3.qyufi,1477984668,1477985803,104.08491,30.69419,104.0822,30.65292
kopsCcj98ba0lrzcnkmKhl54eb2qzycl,1477986337,1477987365,104.07858,30.65811,104.10596,30.70632
kpljBqi72e4ajwzehkhBnc5dk39cxrdk,1477958472,1477960014,104.02475,30.64783,104.06728,30.67135
aofoAnl16a85iqxnjbfyfo07fh9nzqil,1477960202,1477961794,104.0659,30.67039,103.99725,30.64421
hplrzrgb88g9qutgcmpGgi-afg6crqjc,1477974677,1477976555,104.05759,30.61362,104.07997,30.65822
kopsCcj98ba0lrzcnkmKhl54eb2qzycl,1477986337,1477987365,104.07858,30.65811,104.10596,30.70632
acesFmg3e8daryAojcsAnc73ee1grsbf,1477987893,1477988697,104.09646,30.70706,104.10293,30.67078
jlnpFne7defblwomekkAnrbb968mxmlm,1477989381,1477990545,104.103539,30.669025,104.07087,30.60978
gofeLnd1afe7mpvfpeiydob9eb3lquch,1477964826,1477966009,103.989746,30.647995,104.05725,30.65713
agiiJhl.gie6putlootBqq12i6cjxymi,1477966361,1477966849,104.05697,30.66214,104.07183,30.6536
aqqtLcd_a6iboznaejiMii_6dd6kDqdn,1477967253,1477967585,104.069698,30.652411,104.08037,30.65462
gighAlq01j8bgxvdkmeBjn_2ih1dBAmc,1477968185,1477970023,104.089401,30.65723,104.10436,30.59494
kjojMeh.2i9.mzoimhoKfq-6i5aizqjn,1477981768,1477983279,104.07406,30.65446,104.12405,30.63086
hplrzrgb88g9qutgcmpGgi-afg6crqjc,1477974677,1477976555,104.05759,30.61362,104.07997,30.65822
miokBoo2dd8ajAmgfilApc8ai5cnzycd,1477976736,1477977289,104.0738,30.65967,104.10631,30.65612
bnkhGhea47a7qqsjibrNhh_efaafAwfg,1477977568,1477978349,104.11026,30.66151,104.16376,30.6272
pjhoBkh81d84ituknjnBik1gj77oAmmi,1477954274,1477955343,104.09734,30.7104,104.14162,30.62869
idioHrm_9f7-drvocfhHnc@dfb5cDwah,1477952268,1477952728,104.05608,30.68714,104.073162,30.685454
gbblNrc48jf1nsuejkpHfc4gh4.nqqnf,1477953209,1477954069,104.06812,30.67264,104.09687,30.71036
pjhoBkh81d84ituknjnBik1gj77oAmmi,1477954274,1477955343,104.09734,30.7104,104.14162,30.62869
jhmqFkm22lh0fuumkqhAic31h61grxoo,1477930072,1477930672,104.0977,30.66571,104.06025,30.68357
fhonyon7fk92dsocjmeLnr6ce36ctpeo,1477931007,1477932403,104.055977,30.686028,104.09807,30.62038
likqGne82842pBzadmnNqd5fed9oxBhi,1477964711,1477966187,104.02465,30.64782,104.0524,30.66718
likqGne82842pBzadmnNqd5fed9oxBhi,1477964711,1477966187,104.02465,30.64782,104.0524,30.66718
cnbnLolbfd50nprbcjsNdd36ld-nwxjc,1477967700,1477968556,104.05314,30.67253,104.07052,30.6517
deosHpj3f771gyAipbqAkh_6c4cgqpoi,1477969159,1477970523,104.061867,30.654425,104.08575,30.58653
gfekAgc@296-hozhlcfFcn.6dg5qsqab,1477975698,1477979858,104.05225,30.68988,104.05593,30.51702
ddifCci_d68acxxhiqfBlq7ai62jtAcg,1477994718,1477995443,104.08833,30.66407,104.10187,30.6628
nlmlIpf_5c57pwsaiiiLpo_9eh9gyAml,1477995675,1477996407,104.101249,30.66014,104.12473,30.65245
adkkBgd01dcaczxpcqkBnl_9a64cynkq,1477996702,1477997201,104.123722,30.657145,104.10267,30.6665
klgtAnhbfd7bkryfmmqNnm757e0eCvbb,1477990332,1477994225,104.04604,30.52533,104.10301,30.66243
gfekAgc@296-hozhlcfFcn.6dg5qsqab,1477975698,1477979858,104.05225,30.68988,104.05593,30.51702
iklryim61ge1eCuclpkGjo_ef97psvgm,1478000995,1478002342,104.0948,30.61042,104.09348,30.67005
kgcjHep6d8g_lvnibfqEkm.5d59pDpef,1477998154,1477999414,104.104337,30.65921,104.13543,30.59898
npdkMfp8gbd4gozobqqDne8gla0fsubi,1477936159,1477937188,104.140434,30.636974,104.11298,30.73828
npdkMfp8gbd4gozobqqDne8gla0fsubi,1477936159,1477937188,104.140434,30.636974,104.11298,30.73828
dibpCir5gf7afCqedqeCqf.dj9anpqmb,1477938504,1477939014,104.07325,30.694,104.071739,30.71677
imotBij.f983jpsnjkkzfk@bh7.nwupq,1477939893,1477940804,104.072617,30.684643,104.04149,30.63714
ojfoGjr8bl5bgwpahklIiq56f99eCrme,1477957500,1477958238,104.110947,30.683544,104.07638,30.67235
ceogHcf74e60oCsdgjsGci9ajhbctueg,1477999910,1478000952,104.01973,30.64785,104.09467,30.6777
mjkiKij.8i89rrrpknlAri58e86lsnop,1477958881,1477959443,104.088418,30.689098,104.07364,30.68813
mgotKgj@49b0kpBafmsJgj3ce89hCpbq,1477959771,1477960462,104.07557,30.68812,104.07299,30.66026
hlhgJej-6ebbgzofqnrGcfbg8icpwBcd,1477961441,1477962438,104.09073,30.66779,104.06085,30.68908
hlhgJej-6ebbgzofqnrGcfbg8icpwBcd,1477961441,1477962438,104.09073,30.66779,104.06085,30.68908
inmfEjf4593bkCqjhqhIoe_d847rsAkd,1477962893,1477964205,104.0621,30.68771,104.07299,30.65833
ifhfEcj76li3muAnmdjEkp.5hcbmxneh,1477965239,1477967438,104.086014,30.660564,103.958611,30.578908
aeikJff8a8b3pAvcbdeHee48af8hoolk,1477990822,1477992649,104.082626,30.681131,104.04893,30.61774
hibeFgm15i69dprfgpiBhf.9he9jrzhq,1477963133,1477963920,104.08073,30.66249,104.09391,30.67815
fodlDoo0e9h6ryukkjrDii3a799mowmo,1477964546,1477965595,104.09685,30.67927,104.02525,30.69623
npdsBem4dae2itxoeopLlc9d84bpyvik,1477951703,1477952344,104.0621,30.70273,104.07745,30.68813
hnohDri68ff8orBplnnEpm3gj61oCxdb,1477952922,1477954240,104.0622,30.68144,103.97837,30.64225
ghjsJpg-47i3eAmhnerHid2dl4bkDwbi,1477954527,1477956144,103.97981,30.64722,104.11463,30.74794
ngppzepbb6g6ftwjkhkygjb2k3aopzbf,1477957165,1477958848,104.09877,30.714664,104.0771,30.69025
aqgsHci2ab3_mzniobmCrda3fh2oyxgf,1477969468,1477971091,104.02639,30.69541,104.08477,30.63409
ngppzepbb6g6ftwjkhkygjb2k3aopzbf,1477957165,1477958848,104.09877,30.714664,104.0771,30.69025
icekMmo27cg5rpAmdpqAlj21b3cmAzbn,1477959942,1477960550,104.082458,30.680931,104.10815,30.68148
gcpiBhf71g7bpCwlkfpJln497fbkwygl,1477960831,1477961904,104.10497,30.67991,104.07661,30.66012
cpnrBmr9alc3cuohfcrAco@dki-ovAcj,1477978150,1477980254,104.09058,30.75491,104.079831,30.65349
cpnrBmr9alc3cuohfcrAco@dki-ovAcj,1477978150,1477980254,104.09058,30.75491,104.079831,30.65349
lbhoMqia5l9-epnmchfBpl@7f5_lrrbc,1477972315,1477974347,103.94939,30.78085,104.03971,30.65834
ljphHqc4fa9anvvhkoeNpi66ci9gAojd,1478002953,1478003900,104.07643,30.63028,104.08027,30.69552
mniiGeq-dbb-pCopploMhpb8l90pyqbg,1478004208,1478005480,104.086327,30.692114,104.12967,30.71344
aqioKhd@5j97pBBbkhkydq0ea56rCmlc,1477984405,1477986473,104.07012,30.6374,104.16858,30.71274
mdcjzor.8da5jpwdnknAgl@9jabpuxgj,1477966141,1477968524,104.02503,30.6977,104.12776,30.60183
dkpqBdr84hi1lBvmponNfc56li0eBykm,1477964002,1477965772,104.027222,30.745199,104.02299,30.69057
hootNcm_1lg7gqskfofLqk0gh42cCAjj,1477989704,1477990823,104.08299,30.63979,104.05906,30.66076
dphhBrm-9ccbpBycdceBjl71cd4nCylm,1477991636,1477992765,104.06042,30.65939,104.03396,30.68463
mniiGeq-dbb-pCopploMhpb8l90pyqbg,1478004208,1478005480,104.086327,30.692114,104.12967,30.71344
kpngMlh15ff_eypmqkkMgd8ah3-hxnei,1477987531,1477989431,104.17281,30.70123,104.07803,30.64338
hootNcm_1lg7gqskfofLqk0gh42cCAjj,1477989704,1477990823,104.08299,30.63979,104.05906,30.66076
dhqeKmp@8f3bnwnpdhpIng_e739nBmao,1478010396,1478011638,104.03594,30.60859,104.10515,30.68797
kbhnEhn2387_lAtaditKre-cf4biDslk,1478012044,1478012665,104.109909,30.675608,104.13648,30.68075
ndqkDie2fl6ahAzacnqBnj8a6f3kBnig,1477934612,1477935420,104.087303,30.638238,104.08873,30.668041
fopmGjr33ha1kCpnpdgzre2ghhbiAwfe,1477962499,1477963278,104.124479,30.648571,104.09662,30.66205
hmqiMnd-5ke5oyoicbgzin6cf69nAmlo,1477963857,1477964450,104.12021,30.66277,104.105218,30.674918
knetDep59bh9kyrkjhlBrq2gfi5mCvgq,1477964969,1477966336,104.11189,30.68762,104.07177,30.66349
knetDep59bh9kyrkjhlBrq2gfi5mCvgq,1477964969,1477966336,104.11189,30.68762,104.07177,30.66349
pbpoBnhbc9h-gvuepdnIrn@1k98iDypn,1477990756,1477991212,104.078896,30.671227,104.07403,30.6863
pqnizll@fkd4rzvhdkeDnh7bffacorci,1477991328,1477993264,104.076591,30.68791,104.02737,30.74817
jebpNli51ji2hvpboqoLqr94aa9jBxpf,1477994066,1477995837,104.04565,30.73137,104.04388,30.66934
jebpNli51ji2hvpboqoLqr94aa9jBxpf,1477994066,1477995837,104.04565,30.73137,104.04388,30.66934
akiqDli9clg9rutooiiHoq8dkdahrnfk,1477996083,1477996488,104.042168,30.668867,104.05508,30.67393
ehdqBmq386b.gDqpgheycd797a6dBvci,1477996758,1477997791,104.05803,30.67029,104.09159,30.69534
nncqJim79ah6iAyeoipCep4ec79cqync,1477997916,1477998866,104.09151,30.70274,104.03463,30.72096
pbpoBnhbc9h-gvuepdnIrn@1k98iDypn,1477990756,1477991212,104.078896,30.671227,104.07403,30.6863
nncqJim79ah6iAyeoipCep4ec79cqync,1477997916,1477998866,104.09151,30.70274,104.03463,30.72096
blfmyre9cef7pBzjpdpHqqabdc2rpyif,1477958528,1477959443,104.04702,30.6904,104.11063,30.67205
dpmsyfi47a85fApmqmhNnn1fd31dtxfc,1477959638,1477960640,104.11327,30.67066,104.0851,30.67404
cqmlJig35i52jDznfjpNgn8dbh6fpvak,1477960732,1477962589,104.08519,30.67416,104.13652,30.59663
jnffDqc_bfa_epmfjhkDjp0bih1kzpgi,1477971992,1477972755,104.09971,30.6338,104.087,30.65388
ecbhBpc_976coxqoqhrJgp3fda3rpsch,1477956129,1477957844,104.10244,30.62514,104.06004,30.68418
dfqnMdd1gbe.lzmlnkkChk@1ia0nvqgn,1477982661,1477984141,104.116432,30.62137,104.07908,30.69221
dfqnMdd1gbe.lzmlnkkChk@1ia0nvqgn,1477982661,1477984141,104.116432,30.62137,104.07908,30.69221
apipCkiabh47mDopdpiKqp68c5-rAmog,1477985091,1477986289,104.11223,30.66756,104.03955,30.63735
efliJop-ca8-mvoephlKkcb6745jprfi,1477994796,1477995859,104.08697,30.6659,104.07736,30.62331
kghrHee01c60mxqpbfrChl3f9g9ozwpj,1477992608,1477994418,104.03611,30.65329,104.09032,30.66546
jqdhIlg82a68mrvjqegJim7bf32itmih,1477932135,1477932968,104.03616,30.71753,104.05497,30.76778
miksLjf1df7bfBwbmhhGjr9de7ccotaj,1477992360,1477994802,103.995522,30.605158,104.06578,30.65735
fjjgAel-6870kqAgdciGcj_1geclswol,1477995355,1477996474,104.07023,30.65648,104.06387,30.59017
oflmHqo42743kAngqmqArj6df84fqpff,1477969060,1477970505,104.0559,30.64035,104.07403,30.6863
bjjpDne46j5aevyojmtMrd@ag4.ouvdd,1477970888,1477972407,104.07673,30.68813,104.07485,30.62806
iennLfh85bf_nqtbollJfp37kdbkzBio,1477981912,1477983783,104.079048,30.671261,104.03224,30.58621
hbeszkg@2db4rpAikitMde25643mBtjc,1477960274,1477960962,104.02964,30.72071,104.10539,30.71886
hqqhGop058h0fwpanqpNel@g690gCrni,1477961361,1477962163,104.11505,30.71592,104.147102,30.625172
hqpmylq5dfe5gyubmkqIrj04i8.nCtjf,1477968358,1477969575,104.111635,30.684378,104.16379,30.62844
jgotDkl7dac7nwpicjlNicb2k5bcqtjd,1477995541,1477997139,104.17101,30.61085,104.10498,30.65823
gogmEeh74lh0cvxnooqJco8g6e6ktwpo,1477975062,1477976465,104.052871,30.575086,104.04897,30.662
ikckHcoaabe8jCqglfsCdh04d34nqrkk,1477960578,1477961661,104.00898,30.652,104.05458,30.6538
phbhzmp.ec7.fysjhfeJpda8a64pCzed,1477940895,1477941537,104.085298,30.64557,104.08642,30.67712
ammnyrn39fgcnAsognhBei75j56jqzaf,1477933754,1477934367,104.043884,30.717102,103.99586,30.7093
ekcjFojb4i57euAloqrDim8e7h-ptrdb,1477939096,1477939875,104.05281,30.62154,104.07203,30.65533
beipAkjb3c98nyAcennzdj856f4dAopc,1477931880,1477932469,104.04535,30.70284,103.99835,30.70844
cmgiLgn54c5clBrpbhqDpr-8ja5ktsmb,1477986116,1477987436,104.049057,30.724091,103.94566,30.68562
gellyce897f9hxqkjeqDffbdl37quxad,1477967204,1477969095,104.07216,30.70558,104.0558,30.76095
bmdiGfd76d77jsymfqhLjg738aaerspo,1477967381,1477968483,104.072289,30.702148,104.05166,30.74092
opnjMfo7fd78ktBejemzmoa47b3mpwgb,1477956569,1477957347,104.062263,30.688072,104.05485,30.72172
kqifFkr-4i84ouymhkiEjka68h_rpypn,1477967481,1477970397,103.968674,30.644983,104.05889,30.76781
pjogJkd91ecbrtybpfqMkg9gdh5mBAbe,1477972054,1477973324,104.063354,30.763206,104.10379,30.70527
nfdtGnd4bkg7cwthmieEffbgj88hpvhf,1477975300,1477975578,104.108704,30.693445,104.09521,30.6804
akppyekaf86_ezqpompymm9ebh6qrtfk,1477976339,1477977311,104.09485,30.6889,104.06843,30.65463
kqifFkr-4i84ouymhkiEjka68h_rpypn,1477967481,1477970397,103.968674,30.644983,104.05889,30.76781
pjogJkd91ecbrtybpfqMkg9gdh5mBAbe,1477972054,1477973324,104.063354,30.763206,104.10379,30.70527
mfdtIhn.gadbdutfeqrBek.g9d4cCwdq,1477993917,1477996150,104.13387,30.60508,104.0794,30.67668
hlmnzor2d6b.nCpeelrBfhbeli_itrgp,1477996578,1477998611,104.071663,30.668879,103.99415,30.72796
akppyekaf86_ezqpompymm9ebh6qrtfk,1477976339,1477977311,104.09485,30.6889,104.06843,30.65463
eecgBmj89kb2pszdhppHrn.ga4bpzocn,1477977509,1477978502,104.071777,30.653854,104.12336,30.624
epiozng6blicqynohpmNfoa6ac1rAnop,1477962983,1477963603,104.06387,30.64747,104.0655,30.66941
jcnlMej7dkc0kqAgdfoIrr32fd7nxolo,1477964134,1477965318,104.06556,30.66558,104.09021,30.61982
mfjqyih4aki8ksqaebiInk897acpyyek,1478000900,1478001882,104.07578,30.65357,104.04132,30.67791
cggkLec81850moqagojNoj@3cb6fymkp,1477998674,1477999800,104.067834,30.616045,104.058873,30.659805
mfjqyih4aki8ksqaebiInk897acpyyek,1478000900,1478001882,104.07578,30.65357,104.04132,30.67791
nfogIoo@b9i4ipvbojkFhj@9g34nquaq,1477989088,1477990151,104.037585,30.710591,104.0286,30.62697
dgpsGrc72fh-crppeiiEeg@4ch4mwrpb,1477984316,1477986415,104.02683,30.76961,104.05111,30.69012
aipsEgg.ffibjyzplihFdl62jc0iAoip,1477933199,1477934628,104.074509,30.612597,104.0631,30.70529
domjJqi86ke8iDylgppBne3b8d3jAtap,1478001700,1478003002,104.078987,30.612375,104.10124,30.66846
aoonLnf8377aqtrnlkiFcf51i36quvdc,1478003536,1478003883,104.10639,30.66928,104.11607,30.67694
cmmlKflbfibafxmcimhFfn@196aqvtgq,1478004289,1478004812,104.10888,30.67536,104.13761,30.68067
eileKcn43a8cqtwjcclznc-f764iAtlk,1477990926,1477992631,104.15149,30.61355,104.08596,30.67324
icnkHor1fha4iwBhbpnHqm5dlc.dAocc,1477993026,1477994952,104.08082,30.66626,103.97551,30.67941
kdjgJrh4c8h7ezvmcgqMcg_17fbgABoi,1478005010,1478006315,104.078309,30.669179,104.123611,30.67296
mfqoGqq83g6clqofmdsNpe-263afysal,1478006644,1478007931,104.1257,30.67097,104.06159,30.64928
pfemEgf93741oquddbpGij6ag45eoseq,1478008327,1478009026,104.05676,30.64729,104.08661,30.66433
apdpHpq-3k51esxchnnCol2dja2luApo,1478009564,1478011497,104.07858,30.65811,104.10507,30.59734
gqmoGfc49c79ewwncpnGgg9bci9rzvnm,1478003829,1478004692,104.0942,30.70826,104.07173,30.66891
kdjgJrh4c8h7ezvmcgqMcg_17fbgABoi,1478005010,1478006315,104.078309,30.669179,104.123611,30.67296
obdtBdd0ga36cxpolefFgh.8gc4rvzgg,1477998849,1477999724,103.99987,30.66314,104.04674,30.6551
ehgmKnj2caiclqtkndjyiq8fifchxmdm,1477998526,1478000340,104.00789,30.66505,104.08882,30.64696
pgoiCpqbbka9ruodegiEpl.ggg_nzymi,1478009724,1478012129,104.10265,30.65652,103.97333,30.75051
ojdfIrl26bachCuhilpGfc-9da8hAsdb,1477991987,1477993375,104.070292,30.660196,104.028906,30.633544
lnlgyoc@5k38jozefloyor33li1rpBmm,1478001616,1478002834,104.075172,30.655639,104.04269,30.67923
acnsKqha9i62dvAghkoKcj9gff_fABep,1478003312,1478004189,104.04525,30.65905,104.09518,30.60135
mnigDrp_c653dpAmfdpEen257i9nvxol,1478004397,1478005760,104.07226,30.6139,104.10214,30.6838
ljqrApr198g-rvAclgqNkn68ah2mAseo,1478005830,1478006296,104.10367,30.68337,104.09406,30.66942
jmilIdj2ece9lxnihgoKcl_fad5itrnd,1478006495,1478008461,104.10025,30.66737,104.15621,30.63686
inotHog4a9fcgumjiooJfl82l9apwrko,1478006686,1478008479,104.104797,30.666424,104.15665,30.63805
lqpgAhn.5eg0ipzbmcfyln.ec82oCvnq,1477968816,1477970222,104.002357,30.702322,104.08587,30.69128
epqqycl5eki8mvnogbkMim67h49grzod,1477970697,1477972028,104.090878,30.694025,104.13594,30.78066
bbijFej@9a64fpxodfkMer_cl32cqypb,1478010493,1478011930,103.9976,30.70492,104.08259,30.64614
ipceNim48l6arCrfkqhLfo_ebg1ersce,1478012790,1478013321,104.084785,30.647943,104.073184,30.67695
hkbiMqg_97d7guyjdfhydhbal6anAxnn,1478013654,1478014071,104.077971,30.665303,104.099818,30.682896
nlheAfg5dei5jDAclomymd95i64nxufl,1478014341,1478014782,104.09684,30.67958,104.1067,30.7146
mfhrFrcb58ebdDnkcjtEip367e2cCAgc,1478014962,1478016930,104.10683,30.71422,104.08877,30.68809
eodqyfp44cd-cwrhndtMjf9d7c5ouonn,1477987514,1477989265,104.077093,30.690244,104.13359,30.61157
lfolKfe93l5.jDypnigAllb3af7erxko,1477984201,1477986883,103.983398,30.564569,104.06981,30.68046
hlhiEpm86gg3cyApbkqCjobe646oArdn,1477983466,1477985583,104.048498,30.669721,104.10394,30.59736
kboeJee.4h3_eCpjemrLqh.2ba6rCyad,1477981779,1477983011,104.00777,30.66256,104.04692,30.67328
hlhiEpm86gg3cyApbkqCjobe646oArdn,1477983466,1477985583,104.048498,30.669721,104.10394,30.59736
kqgqLip15994nosjhqsykh8ale_nxwci,1477991926,1477993286,104.075409,30.654032,104.09572,30.62098
bepjJnh.gccamrtlqjkKod7d9d-lyoaj,1477997189,1478000776,104.10335,30.70214,104.07868,30.79097
fhooCfk@f678fttlfcpGkr84c69msngj,1478007330,1478008675,104.0719,30.63713,104.01241,30.66108
kcplLnh-gagcfqplfjrGri9add3nDmbn,1477977807,1477979055,103.976921,30.683371,104.05155,30.70198
lfpqNpg85j65esqanbqyrd71f9.ksAle,1477979267,1477980575,104.0498,30.70455,103.9775,30.73267
lqcoMhj2ga6_froknkqHfh12j8bquqhi,1477995040,1477996702,104.037079,30.705065,104.09691,30.70028
bepjJnh.gccamrtlqjkKod7d9d-lyoaj,1477997189,1478000776,104.10335,30.70214,104.07868,30.79097
mnltJnr12hh4pqtdbenKli5gke1kpxjd,1478007921,1478009726,104.13199,30.59959,104.05243,30.70279
pjeiHqk437a9rttfqfqCcj2ch62noAdc,1478009844,1478011282,104.05249,30.70265,104.1017,30.61093
ijlhKpp36jd-ewqfketLmgb7hi3hDuec,1477959891,1477961148,104.04249,30.68569,104.07279,30.66752
gobiJhe94ed4oDmnfhqGph.29c5jBygk,1477991443,1477992794,104.027532,30.72127,104.10734,30.66172
ppqkFon-dfg0lwyddhgHkl@4b41itBni,1477993250,1477995614,104.108879,30.662985,104.23164,30.647688
dbomyleb17i_rtnpchpyrj4g730ixBdg,1477972342,1477974051,104.168617,30.715342,104.10768,30.67301
lqghLgkaeie3ixsbejlJch4ad51lsqmn,1477974358,1477975294,104.10958,30.67227,104.113392,30.646955
dednHmj18ae8pzpgegeydk.c9gbcpyhq,1477963152,1477965787,104.073921,30.666294,104.101339,30.544477
pfifCjj7egfcjpybpbjGfkaei3blBsnp,1477976310,1477977150,104.118851,30.644386,104.0738,30.65967
egnlycqag6e_mxBdffnMdj96gd2exBpq,1477977446,1477979994,104.07489,30.65972,104.17738,30.56815
fjckCcc.acb3fCwedljJem3bh62oqwod,1477972119,1477973502,104.07659,30.69025,104.14502,30.64975
holrLrm_f785fxpjmntCihbg780dxxnj,1477973891,1477974687,104.14771,30.6553,104.09172,30.65728
neklNje2bjd6mtAddklBlla8i65lxrho,1477969012,1477970613,104.059532,30.643543,104.03474,30.68602
ccbqJrh3aa51itsicjrIeo-9974hoBgg,1477970791,1477971621,104.03167,30.68772,104.07313,30.68507
fjckCcc.acb3fCwedljJem3bh62oqwod,1477972119,1477973502,104.07659,30.69025,104.14502,30.64975
ghhozqj7bdi5gxncejrAjn72df-fAAfj,1477983138,1477984648,104.076714,30.626104,104.06046,30.68595
hfhfErh_373_orneqbtzor0fc7_lDvjp,1477985013,1477987158,104.069504,30.682949,104.06713,30.61526
ibjrMhg08ka1huphcksMei_1je2frnkg,1477992339,1477993134,104.06691,30.62631,104.08143,30.66035
fiihHeg2elh4iCpgpnlymi236i1iowop,1477993448,1477994274,104.08078,30.655603,104.10029,30.63834
pgktHnfa5ki4nznbhoiHrk0gl8.eoAmp,1477961753,1477963276,104.03352,30.64467,104.07532,30.67071
liqkJoq2ea82dzpcchtNfg8ec3aguoib,1477964345,1477965777,104.08042,30.670516,104.02956,30.63313
gfkrLom81k36iowfddfNhd6d776dDnfn,1477970027,1477970845,104.092598,30.64004,104.094727,30.679137
enerzic@dad_qrvlhqtzmh.87a9jwqog,1477971398,1477972015,104.09047,30.67899,104.07548,30.66167
jnbjGrj_cd4.pqwjigmAql9fl41hsxap,1477992551,1477994487,104.09523,30.60463,104.09459,30.66187
jkesGofb4kacnABglklJko59a51qArji,1477966169,1477967083,104.04092,30.64613,104.05969,30.67486
kjqgHno04f62nAyfljjKoq4dah.hqmed,1477967258,1477968180,104.058495,30.673796,104.07042,30.65607
nhmkzgr@4ga_eoshjcmBmpb6id1ktwoj,1477968682,1477969378,104.072035,30.653201,104.0936,30.6419
jnbjGrj_cd4.pqwjigmAql9fl41hsxap,1477992551,1477994487,104.09523,30.60463,104.09459,30.66187
lmftAiha5i7bnxujigtKoh62bd.foqpe,1477994980,1477995452,104.08732,30.66758,104.07655,30.66004
obljAoo0eg8.fDBldmqzfl85a98eAtkd,1477995595,1477996276,104.07654,30.66027,104.08589,30.64891
bpdgDqc1994.psulkpfycq5db46lqrab,1477996749,1478000390,104.0733,30.65504,103.93541,30.58957
bhktHfp-668_pBmkgktzmlb47h1orpme,1477973431,1477974934,104.08071,30.66193,104.10517,30.63112
kfpeMho71ef_rCBmjdqEdh65gbbdoBjm,1477956049,1477957805,104.11856,30.65811,104.03701,30.68507
gjdozjhb3e69luAcnltFjpbgea.qAvco,1477958241,1477960556,104.044724,30.686781,104.14317,30.60808
gjdozjhb3e69luAcnltFjpbgea.qAvco,1477958241,1477960556,104.044724,30.686781,104.14317,30.60808
mlltLcn4gef1lCnignlJpl65lb4qswln,1477963420,1477965092,104.001404,30.630527,104.11091,30.67367
pfbfBfq_f964kopllkezhn49g7-cxvdk,1477993667,1477995120,104.10268,30.65214,104.0526,30.66359
pllfzdlafk9_qzqmlekEdrb6gb2otynk,1477995361,1477995812,104.05364,30.66891,104.05046,30.65562
ljbjFpqb7f75rvnogbeHoga3697ktykb,1477989576,1477991029,104.034756,30.720475,104.11203,30.66849
pfbfBfq_f964kopllkezhn49g7-cxvdk,1477993667,1477995120,104.10268,30.65214,104.0526,30.66359
jqflDkr6bhg4fzpmppgIij3fd73otAjl,1477988230,1477989456,104.09299,30.67449,104.03463,30.72096
ljbjFpqb7f75rvnogbeHoga3697ktykb,1477989576,1477991029,104.034756,30.720475,104.11203,30.66849
blglzdh07c31jqshdgnFhjbcbb1rxzjc,1477977812,1477978754,103.9987,30.70511,104.04934,30.71396
hnilFcp0a7e6ctrpjklDfe0ab66drBnj,1477979299,1477980887,104.04934,30.71396,103.93875,30.77795
dclgJol516c2juvcpdlKpi7ejh-romnf,1477937641,1477938507,104.073174,30.6248,104.10393,30.68042
oegfKcl3deg0nqAmillzle-e8hcpyuim,1478004569,1478005440,104.0188,30.6798,104.05277,30.6722
pjfiMcq@8k59gBqadotHmq86db4pomjf,1478005748,1478006282,104.05165,30.67293,104.02885,30.6848
albqFiq1gke6iqvlohjGep69k9_ctAll,1478009339,1478010396,104.02118,30.6449,104.06155,30.67071
ffphFhj.1gf7fDBhgjeykr8clccmCygg,1478010681,1478011198,104.0616,30.672091,104.0489,30.6646
fngqymm.6eg3pvmgnjqNpo.9d55ptref,1478011327,1478012681,104.04856,30.66899,104.05189,30.60059
cpneCpg65a9-gspfnlhIej5cli1guukl,1478013890,1478015056,104.09879,30.63428,104.035255,30.705077
dgpgGlia4ef5rpBoeqgGhp59gi2kznac,1477958829,1477960723,104.07165,30.62498,104.04464,30.67462
ohpoEon9cgeaeyokcdjFcl03bh5fuvel,1477961157,1477962097,104.04738,30.67088,104.04235,30.71556
cohnFrg1eh9acxuihneJln@2ef0nvogj,1477975822,1477979854,104.044619,30.49754,104.07054,30.66343
fnbpygf4ckeairBfkftEho58f86gCzib,1477979265,1477981015,104.08995,30.65283,104.03629,30.68378
oflgAld0ee72qtskcoiNjg_2685gAqfp,1477984350,1477986384,104.008021,30.696472,104.0705,30.65541
fjmjAne27af2ovxccdlJog18k68iBAdj,1477986666,1477988033,104.07244,30.65423,104.11945,30.61706
fnbpygf4ckeairBfkftEho58f86gCzib,1477979265,1477981015,104.08995,30.65283,104.03629,30.68378
jglizkn39g6_exvhchgCeg39l3_kAtkk,1477980366,1477981890,104.06352,30.67021,104.00719,30.667
ojmjCdi-3ff.drmahemFfh49fe9gCufi,1477963056,1477964310,104.09791,30.62307,104.066513,30.665355
feoizne09hd0jzuikcfAfl546i6losfd,1477964883,1477965887,104.07171,30.66889,104.07369,30.62976
cnjeAmo22gc2lonkpcjNii4bj40cDvdq,1478012801,1478013712,104.06784,30.61626,104.11329,30.68823
omdhHmg03b56pAmjfnkEera7737pptek,1478014208,1478014678,104.116,30.68288,104.092228,30.684789
dkoqBjc0echbrBmlogiJjl53fe2rtycm,1478014972,1478016294,104.092674,30.678709,104.05694,30.72268
lopryfg5bg66hCmiqifCor11ig9nznep,1478009611,1478012860,103.96844,30.75639,104.04765,30.70257
giprKpd09945rsufpdiAqo5e8g2ruzac,1478013245,1478014237,104.045799,30.70303,104.07747,30.66844
glmlIff9ajfacrrdmpoDlo426cbgAxfh,1478014682,1478015080,104.070638,30.664668,104.07758,30.67371
mjdiEop9b8d3gorggdkIhm_cfb.iwxlf,1478015281,1478016085,104.07142,30.6671,104.04069,30.65141
lopryfg5bg66hCmiqifCor11ig9nznep,1478009611,1478012860,103.96844,30.75639,104.04765,30.70257
jbchDjj64c4adpmigkjHco27aa6hvmjm,1477932310,1477933110,104.07736,30.62331,104.09422,30.66098
akhtFcl81b50oCrdbieNhq266i_pxxkd,1477933572,1477934830,104.07996,30.66507,103.96992,30.66935
hchiNof2d7facyAaeotCkq-1a42fysdj,1477964818,1477965929,104.055,30.639116,104.05214,30.68413
nmmmBrob2l75otnnkkiCkd.59ibpqApo,1477966254,1477966513,104.054669,30.67563,104.05243,30.66701
lmhjDdp6daf1hpuniqhAhnafih8izsgj,1477967118,1477969592,104.05443,30.66807,104.16828,30.65749
dhoiykfbgj79joBeegoBqi.99b.iAwkm,1477976110,1477977403,104.04155,30.71438,104.08807,30.68974
cqgoArk64ga5iDwpfdnAkl6age6nrohe,1477977753,1477978254,104.08274,30.68941,104.10379,30.70527
dqipBlcb7ie7pvBpokgHhf6c8b3fzAae,1477978517,1477979166,104.097488,30.70656,104.07999,30.71984
pmjqydma7dh0cyzcdcsFpn7cld_fwthj,1477970612,1477972428,104.180801,30.652559,104.05257,30.76608
giljHle3gag2pryfoiiyck@b939jCqlk,1477975146,1477975786,104.0282,30.74564,104.049936,30.71384
dhoiykfbgj79joBeegoBqi.99b.iAwkm,1477976110,1477977403,104.04155,30.71438,104.08807,30.68974
ibjeLgq-4le4pvneghiHhj3gia8pyrne,1477980215,1477980224,104.07666,30.715567,104.079467,30.701142
pqpjBif-8l3anorikhtFle648c6lxsnh,1477980516,1477981797,104.0687,30.72063,103.97013,30.73406
gknmHji@g73.hDuiiqlEcpbcb3-iuzkk,1477986761,1477987526,104.087491,30.661659,104.06614,30.65337
bgnsNkl9dfibpozdhkiCnf06ie6hvpcn,1477987908,1477988442,104.06897,30.65798,104.08017,30.65485
djdfBcqacd89gAnednnEqj@6f34fCBji,1477989322,1477991166,104.07858,30.65811,104.1082,30.70103
jigfAgo.gih6iyBikkrCll72ic0mqzne,1477989629,1477991177,104.075448,30.658488,104.11004,30.69923
fbeqDef9dba_kymehjiIhp9cjhcesucd,1477990315,1477992053,104.08056,30.66008,104.1642,30.6963
bqgfDpj06j62lsvgnqgEim2574_rxrdl,1477972682,1477974072,104.02979,30.7204,104.07643,30.69025
nhbqJlhb6fd-rsnipnpLhp8fk37huBlp,1477974596,1477975516,104.074432,30.694763,104.07996,30.67022
fbgjAoq2g6b-iBwndllLpd.cfh8qBydk,1477975953,1477977143,104.08513,30.67249,104.10648,30.63429
kknoAmpbd850pypngheBip7eg34gzyli,1477980318,1477983308,104.10957,30.6895,104.070237,30.560375
gknmHji@g73.hDuiiqlEcpbcb3-iuzkk,1477986761,1477987526,104.087491,30.661659,104.06614,30.65337
nepjNip6g8g3ozAifgiFkk73f37oqvld,1477997927,1477999230,104.075195,30.65414,104.06661,30.60166
fbgjAoq2g6b-iBwndllLpd.cfh8qBydk,1477975953,1477977143,104.08513,30.67249,104.10648,30.63429
elfnJnl49984cAumnltDck2ahd6cBwen,1477979255,1477979835,104.10728,30.63869,104.11615,30.67755
ggnhAhg5gabbdwwbnleLgcacj6bosojm,1477964796,1477967058,104.139465,30.793858,104.06037,30.71256
kglmFpg7dkdcrBqnncjNpq_999.dDtjf,1477967377,1477969103,104.06514,30.708479,103.94433,30.77493
nepjNip6g8g3ozAifgiFkk73f37oqvld,1477997927,1477999230,104.075195,30.65414,104.06661,30.60166
fbeqDef9dba_kymehjiIhp9cjhcesucd,1477990315,1477992053,104.08056,30.66008,104.1642,30.6963
mednFfq7fei_owxamntGlr3c9e7fzsmn,1478011552,1478013462,104.12026,30.64375,104.15251,30.79014
mednFfq7fei_owxamntGlr3c9e7fzsmn,1478011552,1478013462,104.12026,30.64375,104.15251,30.79014
fonsyhc9bj51equfkmhDfiae64-gxncl,1477968130,1477968977,104.082649,30.671749,104.07739,30.62123
jdjgAer.ckf3hopebmmIejb898_pAvok,1477958904,1477961828,103.99472,30.64886,104.08771,30.64758
dmffMhj03db7owAlkfnHhl15k45gsngm,1478004200,1478006247,104.11147,30.66811,104.1704,30.686
hfirMjj4b8a4euocgnnHec43870doonn,1478008448,1478009236,104.100414,30.683437,104.09124,30.64168
ggenBmqa96i4mpmalqhAcm717d-kyrhe,1477984161,1477986661,104.05949,30.65077,104.00647,30.66951
oeimKcda4b8.evnkqqoMgo71978pDrgq,1478000775,1478001685,104.09006,30.64627,104.11516,30.6679
mfmgNmg81b6.jzmlnqeIcp5ehh9rrslj,1477992181,1477993575,104.06748,30.65844,104.007,30.66332
hefmzfl@5746kAmmglmNqobgj99iDqeh,1478003675,1478005951,104.11105,30.66979,104.15287,30.68107
dmffMhj03db7owAlkfnHhl15k45gsngm,1478004200,1478006247,104.11147,30.66811,104.1704,30.686
bldhGnr32bh9ezwmeggDec34931hpwof,1477988073,1477989961,104.149032,30.607237,104.10672,30.67122
jomoLqj39feartxifksJefbdc6cnxugl,1477936689,1477937270,104.0177,30.693001,104.05667,30.70269
pfpjymf-cje_pzzdehlzli23798nBnmd,1477940159,1477941085,104.04591,30.68601,104.08772,30.63832
opfeHfpag8i_nvybloeEcl-3i69cBvam,1477950928,1477952060,104.07028,30.59986,104.05498,30.68885
pfpjymf-cje_pzzdehlzli23798nBnmd,1477940159,1477941085,104.04591,30.68601,104.08772,30.63832
iijkNik1clb4esudfjmDki4e759qCupf,1477941347,1477942319,104.08359,30.64108,104.03387,30.69422
cjqhDqh56a70etskgppKql33fb.eDyoo,1477994227,1477995845,104.0696,30.69436,104.02553,30.64488
mimrHoc019c5fCvaioqGnl2feb3ftoiq,1477939918,1477940441,104.08701,30.63879,104.09865,30.66766
mimrHoc019c5fCvaioqGnl2feb3ftoiq,1477939918,1477940441,104.08701,30.63879,104.09865,30.66766
ilhmznkb5ed_ftvaqhoEih7bkacpxmlb,1478011759,1478012674,103.975555,30.679407,104.06206,30.727059
kikgLkr01cfaoqugmgjypp44f86pDsaj,1478009101,1478010850,104.11215,30.7025,103.96446,30.6977
dkifNhp24kcbeumagdszmi-da41kBspp,1477992673,1477993845,104.06864,30.77582,104.05772,30.69541
cjqhDqh56a70etskgppKql33fb.eDyoo,1477994227,1477995845,104.0696,30.69436,104.02553,30.64488
jdqmFgq31l9_ltvckdsLhk0gj72hoqbq,1477932277,1477933124,104.040672,30.59466,104.05053,30.65558
bhflJmk@dkb_iDAkqmnIgd.3668osxag,1477969139,1477971917,103.987297,30.748711,104.0771,30.69025
elmtBmr.dl7.rBvjjbkGqhb5cd2oszhe,1477964378,1477965692,103.980509,30.701971,104.05114,30.7087
accozgk33f7cnDwdbimBkq.blc_orreq,1477966180,1477967739,104.057533,30.70018,103.9853,30.763
elmtBmr.dl7.rBvjjbkGqhb5cd2oszhe,1477964378,1477965692,103.980509,30.701971,104.05114,30.7087
kegqJjl3d7g5lAzacfoymh-cf47opBfc,1477973700,1477977543,104.073784,30.702824,104.03016,30.6316
dlnqKki85ih_kBmhjfgEqf95845gxudq,1478003875,1478005825,104.076424,30.659958,104.02922,30.72122
ilngIqk@ehgcrrxogfiMoc.8ic4oCzep,1477993633,1477995140,104.16334,30.69311,104.119798,30.655244
jemiFjha5gb_lzAlbhmChcb5agcoxwng,1477998661,1477999833,104.08809,30.6562,104.067411,30.604742
mletFdh68li4qzmilpnGdf.bc7cqDnno,1477965160,1477966003,104.025536,30.71067,104.07824,30.68423
mpjlBpm3bd34gvwkkmrFpf_3ia3jzndc,1477971118,1477973362,103.956069,30.568026,104.0746,30.70163
kegqJjl3d7g5lAzacfoymh-cf47opBfc,1477973700,1477977543,104.073784,30.702824,104.03016,30.6316
kngfGjq48h63dprcmdnzdp7fhg.jrrng,1477974224,1477975446,104.06661,30.70934,104.079831,30.65349
mletFdh68li4qzmilpnGdf.bc7cqDnno,1477965160,1477966003,104.025536,30.71067,104.07824,30.68423
nbjhJdk.4973gutloilIki15c89fvzcc,1477967213,1477968685,104.08529,30.68149,104.04999,30.64545
mpjlBpm3bd34gvwkkmrFpf_3ia3jzndc,1477971118,1477973362,103.956069,30.568026,104.0746,30.70163
dfqgzne_6j42nvrkbcrzcmb6dh5otuei,1478006512,1478007185,103.985893,30.714422,104.04428,30.70278
pcdryjm@4jc8lyzffbrCmp97i42nondk,1477955295,1477956581,104.049652,30.668089,104.11166,30.66382
cjnpLqp2b89_nzsfmpsNjj6cbf-rrzkc,1477957086,1477958400,104.10532,30.68006,104.14162,30.62869
jiboKilbfji_jCqacegGrk6g8a.nzzmi,1477966147,1477967505,104.18102,30.65779,104.02956,30.71129
ndiiFke42j91iDslocqIkj1a654qpsbh,1477967735,1477968245,104.03754,30.71045,104.03895,30.69087
njhhHrp3el41eoroefoImi0ad79iAopj,1477968398,1477968903,104.033867,30.694429,104.04022,30.66239
nebsCer_36facwBlmmiEoqb1dc2mvwfj,1477969911,1477971104,104.057115,30.657372,104.105181,30.62797
nkmozlg81d76fCzmglmHgr137a9rAqkm,1477980017,1477982138,103.98764,30.64308,104.0771,30.68836
hhffKpd.36hanpvgbhhFfh@alg.dvudk,1477989272,1477992037,104.077782,30.680826,104.02842,30.75525
ejpmFdfad9a2iAmpemgKho67ib9npwef,1478012191,1478012800,104.08172,30.65692,104.10833,30.68476
jnhfzmh5giearvojpofGnh84989nxpae,1477992934,1477995425,104.03281,30.75252,104.0422,30.6689
aghhNeq889bciyskehqNhc.bah_oxrfn,1477961644,1477962673,104.10062,30.63953,104.07191,30.65539
jnhfzmh5giearvojpofGnh84989nxpae,1477992934,1477995425,104.03281,30.75252,104.0422,30.6689
ejpmFdfad9a2iAmpemgKho67ib9npwef,1478012191,1478012800,104.08172,30.65692,104.10833,30.68476
mcklIqn07cc.jqtjfelKhp24e89gBvad,1477970909,1477973500,103.963943,30.610048,104.06381,30.68225
fjpnNhc06963ksohkjrHno@47f-poykk,1477956387,1477957589,104.09436,30.63636,104.08384,30.67734
ljjtCpg5cf4bcDwjplsCkk-c865ptrkn,1477957951,1477958404,104.0897,30.67536,104.10385,30.66923
ljjtCpg5cf4bcDwjplsCkk-c865ptrkn,1477957951,1477958404,104.0897,30.67536,104.10385,30.66923
imjiIof-8b3.pqoagqrKdj38f6bermmq,1477958635,1477959686,104.10558,30.6639,104.09658,30.6292
fcfgEmq55jf4qxBooekBkkb17d9lxqpo,1477960504,1477961692,104.101705,30.625674,104.06268,30.66451
hoiqEjg-3fc4lxxlngmAlp57843gxqil,1478013601,1478014591,104.0822,30.659,104.08097,30.6078
hlhkAdj6g956oyokbekKcl3ba33nBzkb,1478009179,1478009964,104.06009,30.63482,104.09422,30.66098
ohnkygq.bh77rspcjekApf_8a5anrtpg,1478010433,1478011836,104.102328,30.661893,104.18548,30.65443
hqojKkka37b1nCskeqpJdc77j76hDmjm,1477966445,1477969142,104.14613,30.59481,104.07908,30.69221
eoofEhc_5d9actxhoqfGee25fb2krBgb,1478011450,1478013729,104.058403,30.772341,104.14162,30.62869
eoofEhc_5d9actxhoqfGee25fb2krBgb,1478011450,1478013729,104.058403,30.772341,104.14162,30.62869
hmfszlhb9e39prtnnjrzlq@7ih3hyyfm,1477961289,1477964186,104.116302,30.65225,104.07061,30.66934
hmfszlhb9e39prtnnjrzlq@7ih3hyyfm,1477961289,1477964186,104.116302,30.65225,104.07061,30.66934
hperIfk@1h7bouxoqjsMfg66e61hwwbc,1478002579,1478003463,104.04396,30.70256,104.04747,30.68195
ijpnCeg7gbcaiApkhbtGkr-6l6.lwrkd,1478003899,1478004524,104.04304,30.68413,104.06003,30.66983
hgnjJfc44fgchtxaejoBgj85f40fotjb,1477998369,1478000209,103.9832,30.8192,104.04428,30.70278
cbmmIqe03ki2msyigfiHjr43a71eAsok,1478009470,1478011130,104.06581,30.8154,104.11016,30.70006
ljmjBfr.egi2dCspdpjDdqa8c4bmrvfl,1478007372,1478008365,104.092925,30.69554,104.14424,30.67282
lgdkEoo38ed.qsrdjfhCor56f98krtbg,1478008642,1478009470,104.12574,30.67109,104.118847,30.644386
flohAih_1d87epvphmmGkn14e44lpxmg,1478008789,1478009462,104.12526,30.66967,104.1095,30.65059
flohAih_1d87epvphmmGkn14e44lpxmg,1478008789,1478009462,104.12526,30.66967,104.1095,30.65059
nggtGngac890lptleboHkp1gg64eDAam,1478009625,1478012492,104.10733,30.64969,103.988578,30.602938
elmqGfh7fbiahDxleneBok35ai5mvoee,1477958800,1477959553,104.095383,30.679202,104.075698,30.695897
hipkNkhb8730otniihmLme54ee3hxohg,1477960651,1477961156,104.073204,30.691877,104.08511,30.68237
ijlpMfp.3a9cdCqomilzlnba87.rDqoc,1477961431,1477962018,104.08185,30.6815,104.10592,30.66129
mikoKmc-3h58qBpafmnLpf@alearurpj,1477973111,1477973995,104.099091,30.669966,104.08243,30.64679
ijlpMfp.3a9cdCqomilzlnba87.rDqoc,1477961431,1477962018,104.08185,30.6815,104.10592,30.66129
fpmnHmqaek50qqtogjgykl58bf7ryqeo,1477962495,1477963522,104.11962,30.65848,104.07721,30.63426
ejmjFgh8289bkAAdbetEjn7bg54ivvhp,1477966144,1477966735,104.10538,30.64023,104.08647,30.66049
dknpJrd15hibpuolklqynd_fk65jCBnq,1477997855,1477998955,104.08767,30.677891,104.13997,30.68274
fbopJlr.4ba0dptkchszoga2jg6ctydo,1477999964,1478000624,104.174103,30.687769,104.103546,30.713408
anjeAqk6a7f5oCAmfneFgm7369aqxyeg,1477981776,1477982757,104.05677,30.64119,104.10952,30.68953
bfdtzqr3chf5kqsbgoqJgn6dabahqyjf,1477983036,1477984710,104.10899,30.68748,104.088,30.66789
bpcgDoh7gfg1luAhpnhDfq837e9cAnlb,1478002592,1478004568,104.090637,30.694073,104.18815,30.81971
ciieNcm578a3norekfhzll07kf_ntude,1477996001,1477997058,104.16646,30.70314,104.06026,30.7294
aemkzri4b79cftBhlepLio99h63ktyem,1477997664,1477999800,104.05208,30.73019,103.95502,30.57459
amqsAkgaf96-hBmpkbpzme59cgciAxah,1477992330,1477993883,104.10744,30.64975,104.17257,30.69481
mjliGgh14a5aepziienAdi5fah-potlf,1477957836,1477958613,104.071114,30.672251,104.0719,30.64873
bgorLig9d791mCudbcfGimb98gcerzfh,1477956277,1477957344,104.12011,30.65877,104.07673,30.67234
mjliGgh14a5aepziienAdi5fah-potlf,1477957836,1477958613,104.071114,30.672251,104.0719,30.64873
ekcfMgl9edg6joxaplpBmk8cb6-hCtlf,1477935404,1477938666,104.161972,30.81694,104.0182,30.64705
jmeryql0fid2jyybqqnBhla27i2hysig,1477930970,1477932528,104.088161,30.639677,104.04904,30.76065
njjeDno.d743rBumjhlIjlb6bc7ppqgp,1477940360,1477940632,104.05124,30.65523,104.04695,30.67354
fekfIhd-7gabjvwdiqlFko36lh6kxsch,1477939326,1477939822,104.029619,30.63721,104.04394,30.65467
njjeDno.d743rBumjhlIjlb6bc7ppqgp,1477940360,1477940632,104.05124,30.65523,104.04695,30.67354
fnftyqq21jd-muwmgirGce45i3-kzpge,1477932967,1477933829,104.026291,30.677467,104.10095,30.66255
fnmlHdl8fb97iAuceqtHgr13j99rDubo,1477934107,1477934850,104.094269,30.660625,104.07318,30.70213
eqnmInh37987otrgooqIdj74878fqnen,1477935174,1477936278,104.066209,30.698801,104.02267,30.67808
odqsEqi28ah6myzdmomIfp-fciajsthq,1477980949,1477982702,104.06479,30.72342,104.02267,30.67808
pnbsFfq-5ai3oBnjpktIhr8di91nDybf,1477973345,1477974197,104.167243,30.684149,104.10886,30.65725
coejAle@dbe.drymfgfFqk429d2kqAig,1477974557,1477975192,104.10889,30.6613,104.08655,30.66124
kdntyfn.bb6_hzojnhrEno@86eacCxcg,1477974918,1477976352,104.10095,30.65812,104.04437,30.70134
fheiEco0bk6bnqqdlemMhla2l83hxzii,1477976569,1477977041,104.04397,30.70267,104.03371,30.68759
ofhmGof3ei4-iztainqKmdb7fa-juAfk,1477978661,1477979512,104.02938,30.69014,104.04817,30.72577
hpkmyqmb5i77qtofjllKfk64f9_cyBbg,1478004505,1478005911,104.00166,30.67828,104.06228,30.76093
lmjiGiobedganDsdgqjLek85aeaoytnl,1478006266,1478007324,104.066399,30.758654,104.09405,30.68946
cohhEqgb5ha0mrspmojEoq3dl30rvzen,1478007536,1478007932,104.08609,30.69046,104.09469,30.70314
elpeClr9ajb3dvzjcbnLpr99k35eoqdm,1478008018,1478008439,104.0965,30.70704,104.08667,30.6902
fmgpKcm59ac7gzzadbqBkr8b7gcqBAen,1478008958,1478009761,104.073962,30.686882,104.11398,30.71113
leqkGkp.g9ebrCrflfkBhg@5b86oxwbo,1478009968,1478011224,104.118678,30.7151,104.11422,30.59171
ekpoAre55ae5lpmmjkfCod1ei76oyvic,1477990462,1477991392,104.10092,30.67084,104.155782,30.691724
pnqqFof74g39esBaffkJrh91781ouslf,1477992624,1477993551,104.14538,30.67613,104.09662,30.66205
fdioGrn@1f73cyuceqsHdcb1760rvrmq,1477994011,1477994546,104.09052,30.65721,104.08292,30.64382
jnghDlf.ejh3cqnloqpArf-gkg6hzspp,1477973274,1477975346,104.08174,30.65086,104.04433,30.71716
ebpmKql2ce4afCvifinyrnbchc4nBBkj,1477984167,1477985601,104.122989,30.60083,104.1141,30.69861
jdciHeo.a667rBsljfmIpc9flf7qxwim,1477985762,1477986573,104.11003,30.69909,104.07985,30.6922
ihilIrj73786frxhopkHrn88jh5lvtfc,1477965144,1477966324,104.03356,30.66612,104.06921,30.67597
pfgeLfk72f98ewwfqckFqi08h74mwAhe,1477987262,1477988702,104.073294,30.686407,104.14404,30.68271
ildkHqo_ffi2kwpeojrNgrbdl33lBAhi,1477989619,1477990212,104.124702,30.67087,104.09903,30.6676
ekpoAre55ae5lpmmjkfCod1ei76oyvic,1477990462,1477991392,104.10092,30.67084,104.155782,30.691724
ihilIrj73786frxhopkHrn88jh5lvtfc,1477965144,1477966324,104.03356,30.66612,104.06921,30.67597
ieffJph_gj88gsqnmlhIoobeia9jorki,1477995535,1477997188,104.07945,30.63919,104.03668,30.67362
chbqyejb6cb6gvymjdnEehb6backxBnp,1477979521,1477981254,103.990482,30.715288,104.08476,30.68515
iqqizjm259a-mwyplktzhc.5ei4fABjc,1477981540,1477982847,104.0808,30.68894,104.09212,30.64099
jchjBkr8cj5bepAnokgEmc@ggd5epAki,1477981258,1477985004,103.920601,30.578871,104.05777,30.65921
pbcsypr_5670eAsadoiFkp61de-cpupb,1477989234,1477990027,104.05356,30.66773,104.0822,30.65292
pqktGkr_4c73psmijitJrq9b88acrvmm,1478014299,1478016417,103.998747,30.660745,104.10644,30.62807
abjrDni3ga39nABkiqjKpd6bdf3msBnf,1478001122,1478002742,104.030599,30.75636,104.07829,30.71517
fnciIpf48l88nDwohopEkn1364.mxAnj,1478003230,1478004356,104.07765,30.72269,104.01837,30.6853
cdhhFlf0bfh1ixpinfhFrk7298_fvvjp,1477969877,1477972153,103.92883,30.78019,104.064616,30.682703
cnjrAnh57kc-qyBenbqHcm37l44kwrbe,1477980534,1477982770,103.992157,30.682432,104.07366,30.66076
nbkmKhe579i-eBrghntAhk49i36jsupn,1477982972,1477984191,104.07449,30.66565,104.0972,30.63035
igmoJlkbgeh7ozBibnhAkg85jf3gtvdp,1477973102,1477973640,104.05352,30.674549,104.06578,30.65735
cdjfBrd39d3-qoypfipzen8dlgcpuxln,1477958976,1477960050,104.05612,30.62475,104.06515,30.66485
eompzce4fi36rAwdmbpBfe8dif5hBAdm,1477998471,1477999205,104.105766,30.701487,104.07481,30.64509
dcqqyqn-ckc_hxumjprzhl85fe5hCAmg,1477958210,1477962677,103.864571,30.584578,104.06246,30.67002
anhrKrh9ebabpDpocgrDfe_b7f4nowij,1477964134,1477965421,104.060462,30.670764,104.09087,30.64711
foomCdf436i-mBxjgceHoo89cdanABom,1477968810,1477969397,104.09207,30.64624,104.08647,30.66049
glfhAkp41bh7nAnflqpLfr87e83gvukn,1477969716,1477971401,104.08502,30.66281,104.04186,30.71301
gkjsFkh426g9nzvhmhizmg@7g52opnlh,1477971677,1477973489,104.04264,30.71197,104.0733,30.6556
dqinCdd_cdebcpmjidsCmr89ib.hxqpl,1477961401,1477962415,104.09063,30.693619,104.07958,30.671
mmdeKqeb5hdbfyqajboAgf0dl8_puAlc,1477962944,1477964233,104.083432,30.66677,104.03819,30.623149
dqinCdd_cdebcpmjidsCmr89ib.hxqpl,1477961401,1477962415,104.09063,30.693619,104.07958,30.671
icneLfd77b7.ozoehmoMch9bee3louio,1478001317,1478003465,104.06246,30.64381,103.92413,30.68609
ecciApg32ig4kptbkfjKeq_69b9dzvdd,1477985937,1477988730,104.08357,30.56056,104.05333,30.66569
cggiFqd3dei7hAnchqmJjq0866aeqBff,1477989846,1477992068,104.06518,30.66159,103.95577,30.57033
hbgoGmnb5889eurcbhkAgq11ba0lpokl,1478008838,1478009211,104.033691,30.664185,104.04119,30.65516
gkjsFkh426g9nzvhmhizmg@7g52opnlh,1477971677,1477973489,104.04264,30.71197,104.0733,30.6556
fiemDneb66bbpwrdfmnCrh39kg2eAoen,1478005621,1478007151,103.957321,30.675682,104.066111,30.63917
ngcpIrm1fif5myznfjsyle1bg53nBqan,1477957138,1477958345,104.13297,30.6119,104.1312,30.65618
bqifNih-3ccbpppmllmAgq88hcbovzap,1477975687,1477976779,104.08071,30.67901,104.07146,30.70157
iijoAkma8c5_lurppmtJoga16a7cCAle,1477978311,1477979595,104.065407,30.702579,104.10378,30.71329
mcpsymc@djh3iqrcplnIghaej75mwybc,1477979966,1477980276,104.112503,30.715389,104.11309,30.7029
fpdeLme9aed_pyubmeozem099b6lBybq,1478004732,1478006207,104.05223,30.62606,104.04912,30.66818
hnbkLmf.5i97ituabeeKql92aa5mxudg,1478005177,1478007156,104.04462,30.6331,103.98792,30.67777
pkmiDhj537aceAqdffjBeq42k87nynnj,1477965264,1477966553,104.01143,30.73036,104.11058,30.71453
keepGnl99ge3eqpknkkIml66bi_oqviq,1477967438,1477968570,104.10955,30.71196,104.04292,30.70348
mcpsymc@djh3iqrcplnIghaej75mwybc,1477979966,1477980276,104.112503,30.715389,104.11309,30.7029
ehpjEdp7ckebcDsneppIff99ka-orBfg,1477980990,1477982112,104.106598,30.698299,104.06639,30.68818
ablhJlk03g73cDmknqeFrm@6fh2nounj,1477983296,1477986950,104.07841,30.68814,104.30558,30.59649
cgdnBci8gh33fxmnmehCni19e4.iyxaf,1477958397,1477960006,104.11232,30.66516,104.04865,30.68345
cmnqMgl9a972npwkoehBmp1ege9qupdi,1477960557,1477963109,104.046506,30.677688,104.04692,30.673
ebqpAkj-59g.jBBekffznf1gf58eCBio,1477971519,1477972505,104.035836,30.713309,104.05533,30.7598
ablhJlk03g73cDmknqeFrm@6fh2nounj,1477983296,1477986950,104.07841,30.68814,104.30558,30.59649
pjptAfj62ih3mAygeejJkd51h67lopje,1477984135,1477985417,104.08024,30.69441,104.14966,30.63832
migsJek.3ia7kqrpdosAjo.a669krsnj,1477973119,1477974641,104.054828,30.765266,104.08024,30.69408
bqifNih-3ccbpppmllmAgq88hcbovzap,1477975687,1477976779,104.08071,30.67901,104.07146,30.70157
hophAin6187bmzrmlcpKrl1cae-mtngc,1478002139,1478003197,104.11079,30.65274,104.062801,30.673399
bdliCpp1e8e0lDsninkFkd0g643hswhm,1478003703,1478005150,104.05616,30.66337,104.12982,30.64467
ddkhHcdb5hb5pxtgmclLni5cag3fAwkd,1477984051,1477985805,104.07045,30.65459,103.99631,30.67029
kbonDck77gdahtxkjklzep78jc5guAfc,1477986110,1477987102,103.99406,30.6689,104.05212,30.6544
pcesNpq1bj75qpyhnfrMle92df5kwoak,1477978879,1477980424,104.04744,30.76357,104.14342,30.62631
mobqKjmbaj74guqcqphEojbgk91nqnlg,1477998429,1477999694,104.06,30.72179,104.12549,30.67091
gfdnJmh@9g38ptmkbjfMif177i1quoei,1478000136,1478000678,104.12668,30.67355,104.13943,30.6739
fmioznn7ggg2qvumnlfBgo84763jwrjh,1478000904,1478001309,104.129189,30.66157,104.11423,30.66038
jeomMjra7fd2exmlcpeFrca3hdafvmnj,1478009711,1478010841,104.09321,30.64077,104.03752,30.6781
hjdkJnn4aig_rDxcfgjAjm74d9aevnmi,1477993337,1477995049,104.082664,30.789801,104.0669,30.71243
kfikHeq_36iarsmogftMpl24d39hovbp,1477995980,1477996384,104.07687,30.72265,104.0966,30.70716
fopjEeeacd76jxmeomqNkcab6c2ruAac,1477996862,1477997683,104.103241,30.713478,104.06183,30.72376
gofgEkl426d4ksrmedezpr1a6f.fCmhe,1477987602,1477988166,104.05365,30.65419,104.0607,30.66785
ihfrInl41h8.qCpnbooLejag8i0ixwkj,1477988643,1477989659,104.06889,30.66068,104.09271,30.68143
gpngIem_18d9iBmfmopFec01ih7nutfg,1478013181,1478014600,104.00973,30.67723,104.08259,30.66774
jnmoLkn4ejearDmidkgFqg18dg7mrqae,1478015192,1478015927,104.06279,30.6731,104.0857,30.6412
hhgqznea1fg1gqyhodnAge33j5.lCwmc,1477987371,1477988508,104.028958,30.682927,104.0874,30.76371
cbqmCfn-ad96eoBmfgrDfl12abbmurpi,1477967601,1477969000,104.02279,30.69047,104.07908,30.69221
ondnAgo.66h_kuujjbqLii-5ae5iDxoi,1477969498,1477970428,104.08004,30.69064,104.07318,30.70213
opkhClhba6i6hrtediiHlm0d77-ornmh,1477971266,1477971927,104.049538,30.710899,104.019537,30.709255
jcjmGdp.1he8huppglnMcma7g6cdsvoc,1477930403,1477931581,104.07609,30.6299,104.11457,30.66951
nfcjIco02b95luooqohFkrac64cnoBco,1477995497,1477996953,104.08493,30.694,104.08827,30.64024
kophzpf14a61cDmpdfeBjma9b63csAke,1478010963,1478012542,104.09815,30.62753,104.0758,30.66039
kophzpf14a61cDmpdfeBjma9b63csAke,1478010963,1478012542,104.09815,30.62753,104.0758,30.66039
dbksBir@2eg-rpwbhbnAec9bi8aeymfc,1477975398,1477976424,104.01637,30.61947,104.04882,30.67692
jcbgIdr73l56cuxkffgFcn9gi52dDAfk,1477977309,1477978045,104.065312,30.671674,104.05456,30.69493
acnqGni74k48ooqcfchCfp3cai7ktupk,1477978545,1477979397,104.04101,30.70081,104.01894,30.67189
fnjfIrd1c9d-cwtlqdqMhn5ckc5qwsdq,1477964537,1477965900,104.137573,30.671638,104.10469,30.69935
pogpMjj32k70esofolmyco24hi5purlb,1477966080,1477966612,104.10113,30.70077,104.09581,30.67929
dmjnHefa987_lyxdegpFim18i92ooBfo,1477967403,1477969216,104.096031,30.679033,104.13555,30.58951
dbksBir@2eg-rpwbhbnAec9bi8aeymfc,1477975398,1477976424,104.01637,30.61947,104.04882,30.67692
fnjfIrd1c9d-cwtlqdqMhn5ckc5qwsdq,1477964537,1477965900,104.137573,30.671638,104.10469,30.69935
ofkjJii0fb31ctApcgeDrob1id_lsxjq,1477986260,1477987237,104.04534,30.61801,104.08265,30.65596
ofkjJii0fb31ctApcgeDrob1id_lsxjq,1477986260,1477987237,104.04534,30.61801,104.08265,30.65596
hldoBrn98ie5ozBnjqiKnl44876qwmmg,1477988215,1477988911,104.088286,30.647627,104.10976,30.67125
ggqsImn@gb46rsBepomApi53af_qCnhm,1477932645,1477933625,104.08811,30.64004,104.04213,30.68918
giqmKor81i7bftqofnsHhq_g899fvrnj,1477998630,1477999383,104.086098,30.636616,104.10333,30.66939
fdqjBdi@2bh3hBsgnjkMfm32g4bnAqnc,1477999836,1478000726,104.09503,30.67238,104.07204,30.62449
mpleMrp21hh6lyyoengynn3bhi_hBqgc,1477995042,1477995776,104.070183,30.704926,104.09507,30.71063
blonDqi82bc3rysdnerzkd01ad1rsxbh,1477996551,1477997903,104.09003,30.69311,104.08827,30.64024
ggqsImn@gb46rsBepomApi53af_qCnhm,1477932645,1477933625,104.08811,30.64004,104.04213,30.68918
poglArl26985dzrmjenzle-dba9jtybn,1478011768,1478012601,104.04065,30.66341,104.08038,30.66018
hlhhArja97c4jrtnqjgKkkabai2frmhj,1478012770,1478013585,104.08148,30.65844,104.11269,30.67204
cbjmLeg03c6ccuulppeHnh84ha6oCuen,1477969627,1477971473,104.05729,30.57869,104.08264,30.65918
hkqmLoqaeje6jDwcqoqAci2cl93hpubh,1477971659,1477972533,104.0842,30.65541,104.11832,30.65618
kbjfzfc76i36ctmogdiKql32ka3kAqii,1477972771,1477974047,104.12,30.6587,104.04793,30.71687
ibfiKrp_f683ltsggnoHneb4i3.gvwbk,1477975738,1477976723,104.03698,30.67808,104.10851,30.70018
foceLfp-8kb6itwdppfMphbe8gbpvsdi,1477976988,1477977354,104.10746,30.70103,104.09405,30.68946
mlpoCnr8b9eccCsajqfIkd_7fibjtnob,1477978118,1477979114,104.09637,30.69864,104.03339,30.68942
hhgnycm1cea4hssnejryjg32d47eyvmh,1477965953,1477966612,104.03706,30.69102,104.06437,30.66943
iobkKme0fe68nqvmbkqHpg7bhg1ozuck,1477966819,1477967701,104.065278,30.66449,104.05411,30.6206
mpgmFdn7giecjDyggmgCfk_bk92ovnbh,1477963371,1477964356,104.07598,30.63763,104.05759,30.67241
dnlgyff73884lotimlqCrr39hdalyumc,1477964719,1477965604,104.05135,30.67503,104.01371,30.70523
poglArl26985dzrmjenzle-dba9jtybn,1478011768,1478012601,104.04065,30.66341,104.08038,30.66018
kbjfzfc76i36ctmogdiKql32ka3kAqii,1477972771,1477974047,104.12,30.6587,104.04793,30.71687
njljNig84be8connmoiLmr2clf7dytij,1477974386,1477975297,104.04657,30.71499,104.04644,30.68409
ibfiKrp_f683ltsggnoHneb4i3.gvwbk,1477975738,1477976723,104.03698,30.67808,104.10851,30.70018
mnnqLie91gfbjvBgcdlBdg@5ghadpzpf,1477985622,1477986908,104.081364,30.652838,104.02876,30.66004
oglkGor0a653fpujqotNina7ch2qtqpd,1477998044,1477999145,104.08284,30.65912,104.03172,30.6748
nqejKehb7id_lotfloeAfg.geh7pDBmp,1477999767,1478000868,104.043304,30.67116,104.03463,30.72096
noilIcqbe9e_eBBcnprAor63b56ixsnh,1477978345,1477982538,103.93519,30.63502,104.0672,30.65403
aimjAqn0ac5-prxlmliEfd99gc5errjo,1477982738,1477983224,104.067398,30.654791,104.07775,30.65331
eceqFjk2afh1jDminiiGqe85c71oqyjf,1477966641,1477970161,104.131458,30.717957,103.95487,30.67351
pbieGqn618bbhAtbecizkn33d6.korkq,1477933320,1477934399,103.989923,30.715546,104.05254,30.65488
gdmgMce317h_mrwkcgeNif83ih-rxtpo,1477934840,1477935390,104.06083,30.65454,104.04087,30.65616
aikkErc81ia3eowbdjhGqda1l55jrtdm,1477935670,1477936978,104.0439,30.65811,104.01198,30.70995
jporIiia39b6gwqknblGfk@cei2runie,1477965704,1477968390,104.16771,30.69331,104.06602,30.64017
noqrEgq12955ftqokimHjg82lg9kBsmc,1477999817,1478000793,104.04799,30.68303,104.01264,30.71025
plgjzfd7gge7jtnoeogNrg33k67hprog,1478000826,1478002187,104.04803,30.68339,104.109947,30.686927
mnngLic.9da3mysehchHil58l46eyrbj,1478002563,1478003504,104.10765,30.68906,104.07042,30.74778